estrutura,arquivo,n,repeticao,carga_ms,busca_telefone_ns,busca_nome_ns,remocao_ns,quantidade_final
arvore_degenerada,ordenado_10000.txt,10000,1,1300.263,186780,10606,1191960,9999
arvore_degenerada,ordenado_10000.txt,10000,2,1332.622,376740,11371,1314245,9999
arvore_degenerada,ordenado_10000.txt,10000,3,1465.844,202474,20603,1256707,9999
arvore_balanceada,balanceado_10000.txt,10000,1,43.145,4215,13136,11640,9999
arvore_balanceada,balanceado_10000.txt,10000,2,54.651,2591,15082,12676,9999
arvore_balanceada,balanceado_10000.txt,10000,3,59.358,1958,10248,10068,9999
arvore_degenerada,ordenado_25000.txt,25000,1,8682.564,469502,13285,3417826,24999
arvore_degenerada,ordenado_25000.txt,25000,2,8445.705,349048,10886,2887090,24999
arvore_degenerada,ordenado_25000.txt,25000,3,8394.822,323826,12208,3065023,24999
arvore_balanceada,balanceado_25000.txt,25000,1,105.658,27266,4902,17183,24999
arvore_balanceada,balanceado_25000.txt,25000,2,134.150,28530,5970,20651,24999
arvore_balanceada,balanceado_25000.txt,25000,3,88.836,18054,4168,14461,24999
arvore_degenerada,ordenado_50000.txt,50000,1,34221.211,631290,7042,5988108,49999
arvore_degenerada,ordenado_50000.txt,50000,2,33006.194,619796,9718,6157328,49999
arvore_degenerada,ordenado_50000.txt,50000,3,34834.800,801687,8943,7107937,49999
arvore_balanceada,balanceado_50000.txt,50000,1,284.741,13369,5985,17801,49999
arvore_balanceada,balanceado_50000.txt,50000,2,275.576,23810,7698,14993,49999
arvore_balanceada,balanceado_50000.txt,50000,3,335.598,22497,6959,19337,49999
arvore_degenerada,ordenado_100000.txt,100000,1,148938.669,1471406,11976,9556668,99999
arvore_degenerada,ordenado_100000.txt,100000,2,134203.781,973208,9631,7943898,99999
arvore_degenerada,ordenado_100000.txt,100000,3,147569.948,1169894,10784,9508639,99999
arvore_balanceada,balanceado_100000.txt,100000,1,327.155,24106,11139,17012,99999
arvore_balanceada,balanceado_100000.txt,100000,2,348.039,16295,6760,14750,99999
arvore_balanceada,balanceado_100000.txt,100000,3,277.773,15989,5610,27682,99999
lista_nao_ordenada,aleatorio_10000.txt,10000,1,769.424,224643,3098395,2679616,9999
lista_nao_ordenada,aleatorio_10000.txt,10000,2,802.213,209546,4064740,2460743,9999
lista_nao_ordenada,aleatorio_10000.txt,10000,3,818.904,215427,5963652,2407250,9999
lista_ordenada,aleatorio_10000.txt,10000,1,1450.860,69478,359201,961567,9999
lista_ordenada,aleatorio_10000.txt,10000,2,1359.989,66378,272651,822882,9999
lista_ordenada,aleatorio_10000.txt,10000,3,1479.024,66833,316606,866060,9999
lista_nao_ordenada,aleatorio_25000.txt,25000,1,5260.872,479379,6288908,5070059,24999
lista_nao_ordenada,aleatorio_25000.txt,25000,2,5424.040,431739,6733035,7253130,24999
lista_nao_ordenada,aleatorio_25000.txt,25000,3,5207.030,469612,4368102,5018588,24999
lista_ordenada,aleatorio_25000.txt,25000,1,9134.800,166415,399676,2632659,24999
lista_ordenada,aleatorio_25000.txt,25000,2,9290.426,205532,272666,2098503,24999
lista_ordenada,aleatorio_25000.txt,25000,3,9053.586,158831,307005,2153948,24999
lista_nao_ordenada,aleatorio_50000.txt,50000,1,16997.743,859264,5160276,8128214,49999
lista_nao_ordenada,aleatorio_50000.txt,50000,2,17424.193,699146,5874612,7587381,49999
lista_nao_ordenada,aleatorio_50000.txt,50000,3,17391.845,771182,7892150,8072718,49999
lista_ordenada,aleatorio_50000.txt,50000,1,41583.325,930203,690732,9512770,49999
lista_ordenada,aleatorio_50000.txt,50000,2,41114.713,804109,512982,7329573,49999
lista_ordenada,aleatorio_50000.txt,50000,3,41225.211,716299,398972,7008405,49999
lista_nao_ordenada,aleatorio_100000.txt,100000,1,58888.493,1462066,11117484,13942248,99999
lista_nao_ordenada,aleatorio_100000.txt,100000,2,57347.693,1203816,9476752,12477963,99999
lista_nao_ordenada,aleatorio_100000.txt,100000,3,57800.179,1221281,7387166,9227957,99999
lista_ordenada,aleatorio_100000.txt,100000,1,187666.043,904054,2823499,12694377,99999
lista_ordenada,aleatorio_100000.txt,100000,2,185147.246,829797,2573180,11945218,99999
lista_ordenada,aleatorio_100000.txt,100000,3,182260.803,825527,2701561,13032146,99999
